"test","status","code","pc","result_line","log"
"rv32ui-p-add_nocsr","PASS","","00000f54","RESULT PASS test_current.mem pc=00000f54 time=15915000","D:\riscv32_pipeline\riscv32_pipeline.sim\sim_1\behav\xsim\bram_sync_logs_20260502_rv32ui_rv32um\rv32ui-p-add_nocsr.log"
"rv32ui-p-addi_nocsr","PASS","","00000f54","RESULT PASS test_current.mem pc=00000f54 time=15915000","D:\riscv32_pipeline\riscv32_pipeline.sim\sim_1\behav\xsim\bram_sync_logs_20260502_rv32ui_rv32um\rv32ui-p-addi_nocsr.log"
"rv32ui-p-and_nocsr","PASS","","00000f54","RESULT PASS test_current.mem pc=00000f54 time=15915000","D:\riscv32_pipeline\riscv32_pipeline.sim\sim_1\behav\xsim\bram_sync_logs_20260502_rv32ui_rv32um\rv32ui-p-and_nocsr.log"
"rv32ui-p-andi_nocsr","PASS","","00000f54","RESULT PASS test_current.mem pc=00000f54 time=15915000","D:\riscv32_pipeline\riscv32_pipeline.sim\sim_1\behav\xsim\bram_sync_logs_20260502_rv32ui_rv32um\rv32ui-p-andi_nocsr.log"
"rv32ui-p-auipc_nocsr","PASS","","00000f54","RESULT PASS test_current.mem pc=00000f54 time=15915000","D:\riscv32_pipeline\riscv32_pipeline.sim\sim_1\behav\xsim\bram_sync_logs_20260502_rv32ui_rv32um\rv32ui-p-auipc_nocsr.log"
"rv32ui-p-beq_nocsr","PASS","","00000f54","RESULT PASS test_current.mem pc=00000f54 time=15915000","D:\riscv32_pipeline\riscv32_pipeline.sim\sim_1\behav\xsim\bram_sync_logs_20260502_rv32ui_rv32um\rv32ui-p-beq_nocsr.log"
"rv32ui-p-bge_nocsr","PASS","","00000f54","RESULT PASS test_current.mem pc=00000f54 time=15915000","D:\riscv32_pipeline\riscv32_pipeline.sim\sim_1\behav\xsim\bram_sync_logs_20260502_rv32ui_rv32um\rv32ui-p-bge_nocsr.log"
"rv32ui-p-bgeu_nocsr","PASS","","00000f54","RESULT PASS test_current.mem pc=00000f54 time=15915000","D:\riscv32_pipeline\riscv32_pipeline.sim\sim_1\behav\xsim\bram_sync_logs_20260502_rv32ui_rv32um\rv32ui-p-bgeu_nocsr.log"
"rv32ui-p-blt_nocsr","PASS","","00000f54","RESULT PASS test_current.mem pc=00000f54 time=15915000","D:\riscv32_pipeline\riscv32_pipeline.sim\sim_1\behav\xsim\bram_sync_logs_20260502_rv32ui_rv32um\rv32ui-p-blt_nocsr.log"
"rv32ui-p-bltu_nocsr","PASS","","00000f54","RESULT PASS test_current.mem pc=00000f54 time=15915000","D:\riscv32_pipeline\riscv32_pipeline.sim\sim_1\behav\xsim\bram_sync_logs_20260502_rv32ui_rv32um\rv32ui-p-bltu_nocsr.log"
"rv32ui-p-bne_nocsr","PASS","","00000f54","RESULT PASS test_current.mem pc=00000f54 time=15915000","D:\riscv32_pipeline\riscv32_pipeline.sim\sim_1\behav\xsim\bram_sync_logs_20260502_rv32ui_rv32um\rv32ui-p-bne_nocsr.log"
"rv32ui-p-fence_i_nocsr","PASS","","00000f54","RESULT PASS test_current.mem pc=00000f54 time=15915000","D:\riscv32_pipeline\riscv32_pipeline.sim\sim_1\behav\xsim\bram_sync_logs_20260502_rv32ui_rv32um\rv32ui-p-fence_i_nocsr.log"
"rv32ui-p-jal_nocsr","PASS","","00000f54","RESULT PASS test_current.mem pc=00000f54 time=15915000","D:\riscv32_pipeline\riscv32_pipeline.sim\sim_1\behav\xsim\bram_sync_logs_20260502_rv32ui_rv32um\rv32ui-p-jal_nocsr.log"
"rv32ui-p-jalr_nocsr","PASS","","00000f54","RESULT PASS test_current.mem pc=00000f54 time=15915000","D:\riscv32_pipeline\riscv32_pipeline.sim\sim_1\behav\xsim\bram_sync_logs_20260502_rv32ui_rv32um\rv32ui-p-jalr_nocsr.log"
"rv32ui-p-lb_nocsr","PASS","","00000f54","RESULT PASS test_current.mem pc=00000f54 time=15915000","D:\riscv32_pipeline\riscv32_pipeline.sim\sim_1\behav\xsim\bram_sync_logs_20260502_rv32ui_rv32um\rv32ui-p-lb_nocsr.log"
"rv32ui-p-lbu_nocsr","PASS","","00000f54","RESULT PASS test_current.mem pc=00000f54 time=15915000","D:\riscv32_pipeline\riscv32_pipeline.sim\sim_1\behav\xsim\bram_sync_logs_20260502_rv32ui_rv32um\rv32ui-p-lbu_nocsr.log"
"rv32ui-p-ld_st_nocsr","PASS","","00000f54","RESULT PASS test_current.mem pc=00000f54 time=15915000","D:\riscv32_pipeline\riscv32_pipeline.sim\sim_1\behav\xsim\bram_sync_logs_20260502_rv32ui_rv32um\rv32ui-p-ld_st_nocsr.log"
"rv32ui-p-lh_nocsr","PASS","","00000f54","RESULT PASS test_current.mem pc=00000f54 time=15915000","D:\riscv32_pipeline\riscv32_pipeline.sim\sim_1\behav\xsim\bram_sync_logs_20260502_rv32ui_rv32um\rv32ui-p-lh_nocsr.log"
"rv32ui-p-lhu_nocsr","PASS","","00000f54","RESULT PASS test_current.mem pc=00000f54 time=15915000","D:\riscv32_pipeline\riscv32_pipeline.sim\sim_1\behav\xsim\bram_sync_logs_20260502_rv32ui_rv32um\rv32ui-p-lhu_nocsr.log"
"rv32ui-p-lui_nocsr","PASS","","00000f54","RESULT PASS test_current.mem pc=00000f54 time=15915000","D:\riscv32_pipeline\riscv32_pipeline.sim\sim_1\behav\xsim\bram_sync_logs_20260502_rv32ui_rv32um\rv32ui-p-lui_nocsr.log"
"rv32ui-p-lw_nocsr","PASS","","00000f54","RESULT PASS test_current.mem pc=00000f54 time=15915000","D:\riscv32_pipeline\riscv32_pipeline.sim\sim_1\behav\xsim\bram_sync_logs_20260502_rv32ui_rv32um\rv32ui-p-lw_nocsr.log"
"rv32ui-p-ma_data_nocsr","PASS","","00000f54","RESULT PASS test_current.mem pc=00000f54 time=15915000","D:\riscv32_pipeline\riscv32_pipeline.sim\sim_1\behav\xsim\bram_sync_logs_20260502_rv32ui_rv32um\rv32ui-p-ma_data_nocsr.log"
"rv32ui-p-or_nocsr","PASS","","00000f54","RESULT PASS test_current.mem pc=00000f54 time=15915000","D:\riscv32_pipeline\riscv32_pipeline.sim\sim_1\behav\xsim\bram_sync_logs_20260502_rv32ui_rv32um\rv32ui-p-or_nocsr.log"
"rv32ui-p-ori_nocsr","PASS","","00000f54","RESULT PASS test_current.mem pc=00000f54 time=15915000","D:\riscv32_pipeline\riscv32_pipeline.sim\sim_1\behav\xsim\bram_sync_logs_20260502_rv32ui_rv32um\rv32ui-p-ori_nocsr.log"
"rv32ui-p-sb_nocsr","PASS","","00000f54","RESULT PASS test_current.mem pc=00000f54 time=15915000","D:\riscv32_pipeline\riscv32_pipeline.sim\sim_1\behav\xsim\bram_sync_logs_20260502_rv32ui_rv32um\rv32ui-p-sb_nocsr.log"
"rv32ui-p-sh_nocsr","PASS","","00000f54","RESULT PASS test_current.mem pc=00000f54 time=15915000","D:\riscv32_pipeline\riscv32_pipeline.sim\sim_1\behav\xsim\bram_sync_logs_20260502_rv32ui_rv32um\rv32ui-p-sh_nocsr.log"
"rv32ui-p-simple_nocsr","PASS","","00000f54","RESULT PASS test_current.mem pc=00000f54 time=15915000","D:\riscv32_pipeline\riscv32_pipeline.sim\sim_1\behav\xsim\bram_sync_logs_20260502_rv32ui_rv32um\rv32ui-p-simple_nocsr.log"
"rv32ui-p-sll_nocsr","PASS","","00000f54","RESULT PASS test_current.mem pc=00000f54 time=15915000","D:\riscv32_pipeline\riscv32_pipeline.sim\sim_1\behav\xsim\bram_sync_logs_20260502_rv32ui_rv32um\rv32ui-p-sll_nocsr.log"
"rv32ui-p-slli_nocsr","PASS","","00000f54","RESULT PASS test_current.mem pc=00000f54 time=15915000","D:\riscv32_pipeline\riscv32_pipeline.sim\sim_1\behav\xsim\bram_sync_logs_20260502_rv32ui_rv32um\rv32ui-p-slli_nocsr.log"
"rv32ui-p-slt_nocsr","PASS","","00000f54","RESULT PASS test_current.mem pc=00000f54 time=15915000","D:\riscv32_pipeline\riscv32_pipeline.sim\sim_1\behav\xsim\bram_sync_logs_20260502_rv32ui_rv32um\rv32ui-p-slt_nocsr.log"
"rv32ui-p-slti_nocsr","PASS","","00000f54","RESULT PASS test_current.mem pc=00000f54 time=15915000","D:\riscv32_pipeline\riscv32_pipeline.sim\sim_1\behav\xsim\bram_sync_logs_20260502_rv32ui_rv32um\rv32ui-p-slti_nocsr.log"
"rv32ui-p-sltiu_nocsr","PASS","","00000f54","RESULT PASS test_current.mem pc=00000f54 time=15915000","D:\riscv32_pipeline\riscv32_pipeline.sim\sim_1\behav\xsim\bram_sync_logs_20260502_rv32ui_rv32um\rv32ui-p-sltiu_nocsr.log"
"rv32ui-p-sltu_nocsr","PASS","","00000f54","RESULT PASS test_current.mem pc=00000f54 time=15915000","D:\riscv32_pipeline\riscv32_pipeline.sim\sim_1\behav\xsim\bram_sync_logs_20260502_rv32ui_rv32um\rv32ui-p-sltu_nocsr.log"
"rv32ui-p-sra_nocsr","PASS","","00000f54","RESULT PASS test_current.mem pc=00000f54 time=15915000","D:\riscv32_pipeline\riscv32_pipeline.sim\sim_1\behav\xsim\bram_sync_logs_20260502_rv32ui_rv32um\rv32ui-p-sra_nocsr.log"
"rv32ui-p-srai_nocsr","PASS","","00000f54","RESULT PASS test_current.mem pc=00000f54 time=15915000","D:\riscv32_pipeline\riscv32_pipeline.sim\sim_1\behav\xsim\bram_sync_logs_20260502_rv32ui_rv32um\rv32ui-p-srai_nocsr.log"
"rv32ui-p-srl_nocsr","PASS","","00000f54","RESULT PASS test_current.mem pc=00000f54 time=15915000","D:\riscv32_pipeline\riscv32_pipeline.sim\sim_1\behav\xsim\bram_sync_logs_20260502_rv32ui_rv32um\rv32ui-p-srl_nocsr.log"
"rv32ui-p-srli_nocsr","PASS","","00000f54","RESULT PASS test_current.mem pc=00000f54 time=15915000","D:\riscv32_pipeline\riscv32_pipeline.sim\sim_1\behav\xsim\bram_sync_logs_20260502_rv32ui_rv32um\rv32ui-p-srli_nocsr.log"
"rv32ui-p-st_ld_nocsr","PASS","","00000f54","RESULT PASS test_current.mem pc=00000f54 time=15915000","D:\riscv32_pipeline\riscv32_pipeline.sim\sim_1\behav\xsim\bram_sync_logs_20260502_rv32ui_rv32um\rv32ui-p-st_ld_nocsr.log"
"rv32ui-p-sub_nocsr","PASS","","00000f54","RESULT PASS test_current.mem pc=00000f54 time=15915000","D:\riscv32_pipeline\riscv32_pipeline.sim\sim_1\behav\xsim\bram_sync_logs_20260502_rv32ui_rv32um\rv32ui-p-sub_nocsr.log"
"rv32ui-p-sw_nocsr","PASS","","00000f54","RESULT PASS test_current.mem pc=00000f54 time=15915000","D:\riscv32_pipeline\riscv32_pipeline.sim\sim_1\behav\xsim\bram_sync_logs_20260502_rv32ui_rv32um\rv32ui-p-sw_nocsr.log"
"rv32ui-p-xor_nocsr","PASS","","00000f54","RESULT PASS test_current.mem pc=00000f54 time=15915000","D:\riscv32_pipeline\riscv32_pipeline.sim\sim_1\behav\xsim\bram_sync_logs_20260502_rv32ui_rv32um\rv32ui-p-xor_nocsr.log"
"rv32ui-p-xori_nocsr","PASS","","00000f54","RESULT PASS test_current.mem pc=00000f54 time=15915000","D:\riscv32_pipeline\riscv32_pipeline.sim\sim_1\behav\xsim\bram_sync_logs_20260502_rv32ui_rv32um\rv32ui-p-xori_nocsr.log"
"rv32um-p-div_nocsr","PASS","","00000f54","RESULT PASS test_current.mem pc=00000f54 time=15915000","D:\riscv32_pipeline\riscv32_pipeline.sim\sim_1\behav\xsim\bram_sync_logs_20260502_rv32ui_rv32um\rv32um-p-div_nocsr.log"
"rv32um-p-divu_nocsr","PASS","","00000f54","RESULT PASS test_current.mem pc=00000f54 time=15915000","D:\riscv32_pipeline\riscv32_pipeline.sim\sim_1\behav\xsim\bram_sync_logs_20260502_rv32ui_rv32um\rv32um-p-divu_nocsr.log"
"rv32um-p-mul_nocsr","PASS","","00000f54","RESULT PASS test_current.mem pc=00000f54 time=15915000","D:\riscv32_pipeline\riscv32_pipeline.sim\sim_1\behav\xsim\bram_sync_logs_20260502_rv32ui_rv32um\rv32um-p-mul_nocsr.log"
"rv32um-p-mulh_nocsr","PASS","","00000f54","RESULT PASS test_current.mem pc=00000f54 time=15915000","D:\riscv32_pipeline\riscv32_pipeline.sim\sim_1\behav\xsim\bram_sync_logs_20260502_rv32ui_rv32um\rv32um-p-mulh_nocsr.log"
"rv32um-p-mulhsu_nocsr","PASS","","00000f54","RESULT PASS test_current.mem pc=00000f54 time=15915000","D:\riscv32_pipeline\riscv32_pipeline.sim\sim_1\behav\xsim\bram_sync_logs_20260502_rv32ui_rv32um\rv32um-p-mulhsu_nocsr.log"
"rv32um-p-mulhu_nocsr","PASS","","00000f54","RESULT PASS test_current.mem pc=00000f54 time=15915000","D:\riscv32_pipeline\riscv32_pipeline.sim\sim_1\behav\xsim\bram_sync_logs_20260502_rv32ui_rv32um\rv32um-p-mulhu_nocsr.log"
"rv32um-p-rem_nocsr","PASS","","00000f54","RESULT PASS test_current.mem pc=00000f54 time=15915000","D:\riscv32_pipeline\riscv32_pipeline.sim\sim_1\behav\xsim\bram_sync_logs_20260502_rv32ui_rv32um\rv32um-p-rem_nocsr.log"
"rv32um-p-remu_nocsr","PASS","","00000f54","RESULT PASS test_current.mem pc=00000f54 time=15915000","D:\riscv32_pipeline\riscv32_pipeline.sim\sim_1\behav\xsim\bram_sync_logs_20260502_rv32ui_rv32um\rv32um-p-remu_nocsr.log"
