"Case","Status","Code","Detail"
"rv32ui-p-add","TIMEOUT","","RESULT TIMEOUT pc=0000015c mem_addr=00000000 mem_we=0 mem_wd=00000000"
"rv32ui-p-addi","TIMEOUT","","RESULT TIMEOUT pc=0000015c mem_addr=00000000 mem_we=0 mem_wd=00000000"
"rv32ui-p-and","TIMEOUT","","RESULT TIMEOUT pc=0000015c mem_addr=00000000 mem_we=0 mem_wd=00000000"
"rv32ui-p-andi","TIMEOUT","","RESULT TIMEOUT pc=0000015c mem_addr=00000000 mem_we=0 mem_wd=00000000"
"rv32ui-p-auipc","TIMEOUT","","RESULT TIMEOUT pc=0000015c mem_addr=00000000 mem_we=0 mem_wd=00000000"
"rv32ui-p-beq","TIMEOUT","","RESULT TIMEOUT pc=0000015c mem_addr=00000000 mem_we=0 mem_wd=00000000"
"rv32ui-p-bge","TIMEOUT","","RESULT TIMEOUT pc=0000015c mem_addr=00000000 mem_we=0 mem_wd=00000000"
"rv32ui-p-bgeu","TIMEOUT","","RESULT TIMEOUT pc=0000015c mem_addr=00000000 mem_we=0 mem_wd=00000000"
"rv32ui-p-blt","TIMEOUT","","RESULT TIMEOUT pc=0000015c mem_addr=00000000 mem_we=0 mem_wd=00000000"
"rv32ui-p-bltu","TIMEOUT","","RESULT TIMEOUT pc=0000015c mem_addr=00000000 mem_we=0 mem_wd=00000000"
"rv32ui-p-bne","TIMEOUT","","RESULT TIMEOUT pc=0000015c mem_addr=00000000 mem_we=0 mem_wd=00000000"
"rv32ui-p-fence_i","TIMEOUT","","RESULT TIMEOUT pc=0000015c mem_addr=00000000 mem_we=0 mem_wd=00000000"
"rv32ui-p-jal","TIMEOUT","","RESULT TIMEOUT pc=0000015c mem_addr=00000000 mem_we=0 mem_wd=00000000"
"rv32ui-p-jalr","TIMEOUT","","RESULT TIMEOUT pc=0000015c mem_addr=00000000 mem_we=0 mem_wd=00000000"
"rv32ui-p-lb","TIMEOUT","","RESULT TIMEOUT pc=0000015c mem_addr=00000000 mem_we=0 mem_wd=00000000"
"rv32ui-p-lbu","TIMEOUT","","RESULT TIMEOUT pc=0000015c mem_addr=00000000 mem_we=0 mem_wd=00000000"
"rv32ui-p-ld_st","TIMEOUT","","RESULT TIMEOUT pc=0000015c mem_addr=00000000 mem_we=0 mem_wd=00000000"
"rv32ui-p-lh","TIMEOUT","","RESULT TIMEOUT pc=0000015c mem_addr=00000000 mem_we=0 mem_wd=00000000"
"rv32ui-p-lhu","TIMEOUT","","RESULT TIMEOUT pc=0000015c mem_addr=00000000 mem_we=0 mem_wd=00000000"
"rv32ui-p-lui","TIMEOUT","","RESULT TIMEOUT pc=0000015c mem_addr=00000000 mem_we=0 mem_wd=00000000"
"rv32ui-p-lw","TIMEOUT","","RESULT TIMEOUT pc=0000015c mem_addr=00000000 mem_we=0 mem_wd=00000000"
"rv32ui-p-ma_data","TIMEOUT","","RESULT TIMEOUT pc=0000015c mem_addr=00000000 mem_we=0 mem_wd=00000000"
"rv32ui-p-or","TIMEOUT","","RESULT TIMEOUT pc=0000015c mem_addr=00000000 mem_we=0 mem_wd=00000000"
"rv32ui-p-ori","TIMEOUT","","RESULT TIMEOUT pc=0000015c mem_addr=00000000 mem_we=0 mem_wd=00000000"
"rv32ui-p-sb","TIMEOUT","","RESULT TIMEOUT pc=0000015c mem_addr=00000000 mem_we=0 mem_wd=00000000"
"rv32ui-p-sh","TIMEOUT","","RESULT TIMEOUT pc=0000015c mem_addr=00000000 mem_we=0 mem_wd=00000000"
"rv32ui-p-simple","TIMEOUT","","RESULT TIMEOUT pc=0000015c mem_addr=00000000 mem_we=0 mem_wd=00000000"
"rv32ui-p-sll","TIMEOUT","","RESULT TIMEOUT pc=0000015c mem_addr=00000000 mem_we=0 mem_wd=00000000"
"rv32ui-p-slli","TIMEOUT","","RESULT TIMEOUT pc=0000015c mem_addr=00000000 mem_we=0 mem_wd=00000000"
"rv32ui-p-slt","TIMEOUT","","RESULT TIMEOUT pc=0000015c mem_addr=00000000 mem_we=0 mem_wd=00000000"
"rv32ui-p-slti","TIMEOUT","","RESULT TIMEOUT pc=0000015c mem_addr=00000000 mem_we=0 mem_wd=00000000"
"rv32ui-p-sltiu","TIMEOUT","","RESULT TIMEOUT pc=0000015c mem_addr=00000000 mem_we=0 mem_wd=00000000"
"rv32ui-p-sltu","TIMEOUT","","RESULT TIMEOUT pc=0000015c mem_addr=00000000 mem_we=0 mem_wd=00000000"
"rv32ui-p-sra","TIMEOUT","","RESULT TIMEOUT pc=0000015c mem_addr=00000000 mem_we=0 mem_wd=00000000"
"rv32ui-p-srai","TIMEOUT","","RESULT TIMEOUT pc=0000015c mem_addr=00000000 mem_we=0 mem_wd=00000000"
"rv32ui-p-srl","TIMEOUT","","RESULT TIMEOUT pc=0000015c mem_addr=00000000 mem_we=0 mem_wd=00000000"
"rv32ui-p-srli","TIMEOUT","","RESULT TIMEOUT pc=0000015c mem_addr=00000000 mem_we=0 mem_wd=00000000"
"rv32ui-p-st_ld","TIMEOUT","","RESULT TIMEOUT pc=0000015c mem_addr=00000000 mem_we=0 mem_wd=00000000"
"rv32ui-p-sub","TIMEOUT","","RESULT TIMEOUT pc=0000015c mem_addr=00000000 mem_we=0 mem_wd=00000000"
"rv32ui-p-sw","TIMEOUT","","RESULT TIMEOUT pc=0000015c mem_addr=00000000 mem_we=0 mem_wd=00000000"
"rv32ui-p-xor","TIMEOUT","","RESULT TIMEOUT pc=0000015c mem_addr=00000000 mem_we=0 mem_wd=00000000"
"rv32ui-p-xori","TIMEOUT","","RESULT TIMEOUT pc=0000015c mem_addr=00000000 mem_we=0 mem_wd=00000000"
